{
    "CliReBERT": {
        "ClimateInsurance": {
            "seeds": [
                0.81008,
                0.81912,
                0.81279,
                0.81765,
                0.80554
            ],
            "average": 0.813036
        },
        "CDPCities": {
            "seeds": [
                0.61758,
                0.63117,
                0.61601,
                0.6114,
                0.61698
            ],
            "average": 0.618628
        },
        "ClimateText": {
            "seeds": [
                0.85294,
                0.84993,
                0.83264,
                0.84635,
                0.82766
            ],
            "average": 0.841904
        },
        "ClimateStance": {
            "seeds": [
                0.50522,
                0.53727,
                0.48686,
                0.49919,
                0.48294
            ],
            "average": 0.502296
        },
        "ClimateEng": {
            "seeds": [
                0.68403,
                0.66802,
                0.6612,
                0.65046,
                0.63844
            ],
            "average": 0.66043
        },
        "SciDCC": {
            "seeds": [
                0.53143,
                0.52858,
                0.52618,
                0.53709,
                0.54299
            ],
            "average": 0.533254
        },
        "ClimateFEVER": {
            "seeds": [
                0.60393,
                0.63039,
                0.61991,
                0.60535,
                0.59915
            ],
            "average": 0.611746
        }
    },
    "CliSciBERT": {
        "ClimateInsurance": {
            "seeds": [
                0.80804,
                0.81037,
                0.7899,
                0.79412,
                0.80312
            ],
            "average": 0.80111
        },
        "CDPCities": {
            "seeds": [
                0.64601,
                0.65853,
                0.65504,
                0.65707,
                0.65708
            ],
            "average": 0.654746
        },
        "ClimateText": {
            "seeds": [
                0.72418,
                0.72604,
                0.78029,
                0.79138,
                0.72483
            ],
            "average": 0.749344
        },
        "ClimateStance": {
            "seeds": [
                0.39724,
                0.44865,
                0.36564,
                0.44955,
                0.43395
            ],
            "average": 0.419006
        },
        "ClimateEng": {
            "seeds": [
                0.49463,
                0.46584,
                0.50041,
                0.51799,
                0.45331
            ],
            "average": 0.486436
        },
        "SciDCC": {
            "seeds": [
                0.51102,
                0.51688,
                0.52005,
                0.52755,
                0.5208
            ],
            "average": 0.51926
        },
        "ClimateFEVER": {
            "seeds": [
                0.59202,
                0.60663,
                0.60703,
                0.61137,
                0.60909
            ],
            "average": 0.605228
        }
    },
    "SciBERT": {
        "ClimateInsurance": {
            "seeds": [
                0.81558,
                0.80076,
                0.81067,
                0.81291,
                0.82745
            ],
            "average": 0.813474
        },
        "CDPCities": {
            "seeds": [
                0.64993,
                0.64345,
                0.63309,
                0.64839,
                0.63355
            ],
            "average": 0.641682
        },
        "ClimateText": {
            "seeds": [
                0.762,
                0.77744,
                0.75598,
                0.71144,
                0.6932
            ],
            "average": 0.740012
        },
        "ClimateStance": {
            "seeds": [
                0.42963,
                0.29688,
                0.48249,
                0.45048,
                0.32546
            ],
            "average": 0.396988
        },
        "ClimateEng": {
            "seeds": [
                0.14823,
                0.48661,
                0.51969,
                0.47554,
                0.47548
            ],
            "average": 0.42111
        },
        "SciDCC": {
            "seeds": [
                0.50879,
                0.5145,
                0.53006,
                0.51381,
                0.52026
            ],
            "average": 0.517484
        },
        "ClimateFEVER": {
            "seeds": [
                0.63474,
                0.6106,
                0.63278,
                0.6214,
                0.60475
            ],
            "average": 0.620854
        }
    },
    "SciClimateBERT": {
        "ClimateInsurance": {
            "seeds": [
                0.79678,
                0.80778,
                0.79204,
                0.80795,
                0.78668
            ],
            "average": 0.798246
        },
        "CDPCities": {
            "seeds": [
                0.64661,
                0.64485,
                0.64797,
                0.64493,
                0.64693
            ],
            "average": 0.646258
        },
        "ClimateText": {
            "seeds": [
                0.75386,
                0.76251,
                0.77588,
                0.73558,
                0.75405
            ],
            "average": 0.756376
        },
        "ClimateStance": {
            "seeds": [
                0.42676,
                0.40129,
                0.39081,
                0.43997,
                0.37137
            ],
            "average": 0.40604
        },
        "ClimateEng": {
            "seeds": [
                0.34624,
                0.30035,
                0.25113,
                0.27081,
                0.3351
            ],
            "average": 0.300726
        },
        "SciDCC": {
            "seeds": [
                0.5114,
                0.53345,
                0.51613,
                0.55358,
                0.5134
            ],
            "average": 0.525592
        },
        "ClimateFEVER": {
            "seeds": [
                0.61372,
                0.59673,
                0.61961,
                0.62193,
                0.62212
            ],
            "average": 0.614822
        }
    },
    "ClimateBERT": {
        "ClimateInsurance": {
            "seeds": [
                0.80349,
                0.8234,
                0.82172,
                0.82356,
                0.82533
            ],
            "average": 0.8195
        },
        "CDPCities": {
            "seeds": [
                0.6437,
                0.6429,
                0.64213,
                0.63933,
                0.64229
            ],
            "average": 0.64207
        },
        "ClimateText": {
            "seeds": [
                0.73648,
                0.72718,
                0.71512,
                0.73147,
                0.74457
            ],
            "average": 0.730964
        },
        "ClimateStance": {
            "seeds": [
                0.45742,
                0.5209,
                0.52459,
                0.56724,
                0.55126
            ],
            "average": 0.524282
        },
        "ClimateEng": {
            "seeds": [
                0.38746,
                0.69715,
                0.71876,
                0.69291,
                0.72941
            ],
            "average": 0.645138
        },
        "SciDCC": {
            "seeds": [
                0.51501,
                0.52265,
                0.53132,
                0.51969,
                0.51423
            ],
            "average": 0.52058
        },